country,postal_code,classification_source,reason
DE,76273,manual_review_2026-08-04,company_delivery_label
DE,76230,manual_review_2026-08-04,company_delivery_label
DE,76120,manual_review_2026-08-04,company_delivery_label
DE,76225,manual_review_2026-08-04,company_delivery_label
DE,76073,manual_review_2026-08-04,government_delivery_label
DE,76107,manual_review_2026-08-04,company_delivery_label
DE,76180,manual_review_2026-08-04,company_delivery_label
DE,75194,manual_review_2026-08-04,company_delivery_label
DE,76245,manual_review_2026-08-04,government_delivery_label
DE,76247,manual_review_2026-08-04,government_delivery_label
DE,76113,manual_review_2026-08-04,government_delivery_label
DE,76111,manual_review_2026-08-04,company_delivery_label
DE,76088,manual_review_2026-08-04,company_delivery_label
DE,76112,manual_review_2026-08-04,company_delivery_label
DE,76240,manual_review_2026-08-04,government_delivery_label
DE,76097,manual_review_2026-08-04,government_delivery_label
DE,76124,manual_review_2026-08-04,government_delivery_label
DE,76125,manual_review_2026-08-04,company_delivery_label
DE,76150,manual_review_2026-08-04,government_delivery_label
DE,76128,manual_review_2026-08-04,company_delivery_label
DE,76123,manual_review_2026-08-04,government_delivery_label
DE,76122,manual_review_2026-08-04,government_delivery_label
DE,76121,manual_review_2026-08-04,company_delivery_label
DE,76098,manual_review_2026-08-04,company_delivery_label
DE,76139,manual_review_2026-08-04,company_delivery_label
DE,76126,manual_review_2026-08-04,government_delivery_label
DE,76149,manual_review_2026-08-04,company_delivery_label
DE,76115,manual_review_2026-08-04,company_delivery_label
DE,76114,manual_review_2026-08-04,company_delivery_label
DE,76246,manual_review_2026-08-04,company_delivery_label
DE,76147,manual_review_2026-08-04,company_delivery_label
DE,76248,manual_review_2026-08-04,company_delivery_label
DE,76249,manual_review_2026-08-04,company_delivery_label
DE,76253,manual_review_2026-08-04,company_delivery_label
DE,76182,manual_review_2026-08-04,government_delivery_label
DE,76070,manual_review_2026-08-04,government_delivery_label
DE,76181,manual_review_2026-08-04,company_delivery_label
DE,76643,manual_review_2026-08-04,government_delivery_label
DE,75166,manual_review_2026-08-04,company_delivery_label
DE,75170,manual_review_2026-08-04,company_delivery_label
DE,75093,manual_review_2026-08-04,company_delivery_label
DE,75179,manual_review_2026-08-04,government_delivery_label
DE,75162,manual_review_2026-08-04,company_delivery_label
DE,75169,manual_review_2026-08-04,company_delivery_label
DE,75158,manual_review_2026-08-04,government_delivery_label
DE,76314,manual_review_2026-08-04,company_delivery_label
DE,75415,manual_review_2026-08-04,government_delivery_label
DE,76726,manual_review_2026-08-04,government_delivery_label
DE,76568,manual_review_2026-08-04,company_delivery_label
DE,76432,manual_review_2026-08-04,company_delivery_label
